{"cameraMode":{"drawMode":0,"name":"Shaded","section":"Shading Mode"},"sceneLighting":true,"audioPlay":false,"sceneViewState":{"m_AlwaysRefresh":false,"showFog":true,"showSkybox":true,"showFlares":true,"showImageEffects":true,"showParticleSystems":true,"showVisualEffectGraphs":true,"m_FxEnabled":true},"in2DMode":false,"pivot":{"x":0.4504432678222656,"y":-0.3754539489746094,"z":-60.40644836425781},"rotation":{"x":0.07360738515853882,"y":-0.7426540851593018,"z":0.08278165757656098,"w":0.6604727506637573},"size":20.389179229736329,"orthographic":true}